{
    "sessions": [
       {
            "time": "09.00",
            "title": "Wprowadzenie do świata 3D",
            "detail": "Przyjdź i przekonaj się, jak tworzyć modele 3D, za pomocą których możesz później przygotować autobus! Poznasz pewne oprogramowanie do modelowania 3D, które jest używane w profesjonalnych zastosowaniach, na przykład inżynierii, podczas projektowania produktów itd. Wymyśl i przetestuj rozwiązania podczas przyjemnej i interesującej sesji prowadzonej przez Bellę Stone, która zawodowo zajmuje się robotami."
        },
        {
            "time": "10.00",
            "title": "Circuit Hacking",
            "detail": "W Electro-Tent otrzymasz bezpłatne lekcje elektroniki. Za pomocą dostępnych elementów elektronicznych będziesz mógł opracować różne rozwiązania, a doświadczeni hakerzy i elektronicy chętnie odpowiedzą na wszystkie Twoje pytania. Oczywiście możesz przynieść własne projekty, jeśli chcesz nad nimi jeszcze popracować! Warsztat jest prowadzony przez Luka Seyforta, elitarnego hakera i szefa laboratorium The Maker Bus."
        },
        {
            "time": "11.30",
            "title": "Zabawy z Arduino",
            "detail": "Przekonaj się, jak programować i używać Arduino! To jest łatwy w użyciu mikrokontroler wyposażony w wiele różnych czujników, wykonujący programy opracowane przez użytkowników oraz generujący dane wyjściowe i napięcie. Urządzenia Arduino są powszechnie wykorzystywane w robotyce, mechanice, a także wszelkiego rodzaju projektach elektronicznych na całym świecie. Sesja prowadzona przez Elsie Denney'a, profesjonalnego twórcę oprogramowania z dużym doświadczeniem w pracy jako artysta technik w przemyśle gier komputerowych, entuzjasta elektroniki i instruktor."
        },
        {
            "time": "13.00",
            "title": "Wydrukowany obiad",
            "detail": "Odkryj i wypróbuj zupełnie nowy świat wydrukowanego obiadu. Nie tylko przekonasz się, jak można wykorzystać drukarki 3D do odtworzenia tradycyjnych posiłków, ale jeszcze poznasz zupełnie nowe ich rodzaje. Czy to Ty będziesz tym odwiedzającym, dla którego przygotujemy model czekolady?"
        },
        {
            "time": "14.00",
            "title": "Drony",
            "detail": "Mamy wiele sposobów na przyciągnięcie Twojej uwagi po obiedzie. Ta sesja przedstawia kilka dronów zdalnie sterowanych za pomocą wielu różnych czujników zamontowanych na płytce Arduino board. Kichnięcie może skutkować odwiedzeniem wspomnianych dronów..."
        },
        {
            "time": "15.00",
            "title": "Hacking mózgu",
            "detail": "Dzięki technologii elektroencefalografii fale mózgowe stają się dostępne dla każdego. Znany neurolog Cino Rylands zaprasza chętnych do udziału w tworzeniu symfonii mózgu."
        },
        {
            "time": "16.30",
            "title": "Tworzymy przyszłość",
            "detail": "Przekonaj się, jak kolejnej generacji wynalazcy mogą być inspirowanie i tworzyć przyszłość. Dowiedz się wszystkiego o różnych narzędziach, które możemy wykorzystać, aby zachęcić innych do odwiedzenia naszego autobusu!"
        }
    ]
}