{
    "CA": [
        {
            "time": "9:00",
            "title": "Wprowadzenie do świata 3D"
        },
        {
            "time": "10:00",
            "title": "Circuit Hacking"
        },
        {
            "time": "11:30",
            "title": "Zabawy z Arduino"
        },
        {
            "time": "1:00",
            "title": "Wydrukowany obiad"
        },
        {
            "time": "2:00",
            "title": "Drony"
        },
        {
            "time": "3:00",
            "title": "Hacking mózgu"
        },
        {
            "time": "4:30",
            "title": "Tworzymy przyszłość"
        }
    ],
    "TX": [
       {
            "time": "9:00",
            "title": "Tworzymy przyszłość"
        },
        {
            "time": "10:00",
            "title": "Circuit Hacking"
        },
        {
            "time": "11:30",
            "title": "Hacking mózgu"
        },
        {
            "time": "1:00",
            "title": "Wydrukowany obiad"
        },
        {
            "time": "2:00",
            "title": "Drony"
        },
        {
            "time": "3:00",
            "title": "Wprowadzenie do świata 3D"
        },
        {
            "time": "4:30",
            "title": "Zabawy z Arduino"
        }
    ],
    "NY": [
       {
            "time": "9:00",
            "title": "Zabawy z Arduino"
        },
        {
            "time": "10:00",
            "title": "Hacking mózgu"
        },
        {
            "time": "11:30",
            "title": "Wprowadzenie do świata 3D"
        },
        {
            "time": "13:00",
            "title": "Wydrukowany obiad"
        },
        {
            "time": "14:00",
            "title": "Drony"
        },
        {
            "time": "15:00",
            "title": "Circuit Hacking"
        },
        {
            "time": "16:30",
            "title": "Tworzymy przyszłość"
        }
    ]
}